36::ROOT=gTclVW7-VG::TARGET=H8o-5ELpJD::MISSING=PREMISE_GROUP_1	36::7nogbZz4mf	1
36::ROOT=gTclVW7-VG::TARGET=NeuxKhjryq::MISSING=PREMISE_GROUP_1	36::msSlm_n1BN	1
36::ROOT=gTclVW7-VG::TARGET=gTclVW7-VG::MISSING=CONCLUSION	36::gTclVW7-VG	1
36::ROOT=gTclVW7-VG::TARGET=gTclVW7-VG::MISSING=PREMISE_GROUP_1	36::NeuxKhjryq	1
36::ROOT=gTclVW7-VG::TARGET=gTclVW7-VG::MISSING=PREMISE_GROUP_2	36::R2E-bbJPDE	1
36::ROOT=gTclVW7-VG::TARGET=gTclVW7-VG::MISSING=PREMISE_GROUP_2	36::H8o-5ELpJD	1
36::ROOT=gTclVW7-VG::TARGET=msSlm_n1BN::MISSING=PREMISE_GROUP_1	36::Wl3tM3NLW3	1
36::ROOT=gTclVW7-VG::TARGET=msSlm_n1BN::MISSING=PREMISE_GROUP_2	36::7qmRQq-4Nt	1
38::ROOT=kvmsYYeJIi::TARGET=7K7pQ1EkQV::MISSING=PREMISE_GROUP_1	38::vILJ_SJwTc	1
38::ROOT=kvmsYYeJIi::TARGET=fO-Lipr0bw::MISSING=PREMISE_GROUP_1	38::IGUu576KGB	1
38::ROOT=kvmsYYeJIi::TARGET=fO-Lipr0bw::MISSING=PREMISE_GROUP_2	38::z2aERHhOx5	1
38::ROOT=kvmsYYeJIi::TARGET=kvmsYYeJIi::MISSING=CONCLUSION	38::kvmsYYeJIi	1
38::ROOT=kvmsYYeJIi::TARGET=kvmsYYeJIi::MISSING=PREMISE_GROUP_1	38::fO-Lipr0bw	1
38::ROOT=kvmsYYeJIi::TARGET=kvmsYYeJIi::MISSING=PREMISE_GROUP_2	38::qU3UJav9zW	1
38::ROOT=kvmsYYeJIi::TARGET=kvmsYYeJIi::MISSING=PREMISE_GROUP_3	38::7K7pQ1EkQV	1
38::ROOT=kvmsYYeJIi::TARGET=qU3UJav9zW::MISSING=PREMISE_GROUP_1	38::XlFZSLhj8G	1
38::ROOT=kvmsYYeJIi::TARGET=qU3UJav9zW::MISSING=PREMISE_GROUP_2	38::RaQ7ikj5eB	1
40::ROOT=nohLyPiTQA::TARGET=8DLR5zcjru::MISSING=PREMISE_GROUP_1	40::cCKweiAfco	1
40::ROOT=nohLyPiTQA::TARGET=8DLR5zcjru::MISSING=PREMISE_GROUP_2	40::xA8acoJiAh	1
40::ROOT=nohLyPiTQA::TARGET=nohLyPiTQA::MISSING=CONCLUSION	40::nohLyPiTQA	1
40::ROOT=nohLyPiTQA::TARGET=nohLyPiTQA::MISSING=PREMISE_GROUP_1	40::8DLR5zcjru	1
40::ROOT=nohLyPiTQA::TARGET=nohLyPiTQA::MISSING=PREMISE_GROUP_1	40::tPJNl1ZwtO	1
40::ROOT=nohLyPiTQA::TARGET=nohLyPiTQA::MISSING=PREMISE_GROUP_1	40::CDuf_dPnFH	1
40::ROOT=nohLyPiTQA::TARGET=tPJNl1ZwtO::MISSING=PREMISE_GROUP_1	40::QaOJRqb5q2	1
40::ROOT=nohLyPiTQA::TARGET=tPJNl1ZwtO::MISSING=PREMISE_GROUP_2	40::fKRan2DwgB	1
41::ROOT=p-FRwCIvPj::TARGET=H7Dj5eSiS2::MISSING=PREMISE_GROUP_1	41::RxJa1D0bBQ	1
41::ROOT=p-FRwCIvPj::TARGET=H7Dj5eSiS2::MISSING=PREMISE_GROUP_2	41::muBOlZ9Y2U	1
41::ROOT=p-FRwCIvPj::TARGET=Ovuc-8zdWq::MISSING=PREMISE_GROUP_1	41::H7Dj5eSiS2	1
41::ROOT=p-FRwCIvPj::TARGET=Ovuc-8zdWq::MISSING=PREMISE_GROUP_2	41::_F0JYp4pM0	1
41::ROOT=p-FRwCIvPj::TARGET=_F0JYp4pM0::MISSING=PREMISE_GROUP_1	41::bDRGNVJVkh	1
41::ROOT=p-FRwCIvPj::TARGET=_F0JYp4pM0::MISSING=PREMISE_GROUP_2	41::XSkY0ydA-7	1
41::ROOT=p-FRwCIvPj::TARGET=cAhFW_hp1x::MISSING=PREMISE_GROUP_1	41::Ikbb3_P-zq	1
41::ROOT=p-FRwCIvPj::TARGET=cAhFW_hp1x::MISSING=PREMISE_GROUP_2	41::Ovuc-8zdWq	1
41::ROOT=p-FRwCIvPj::TARGET=p-FRwCIvPj::MISSING=CONCLUSION	41::p-FRwCIvPj	1
41::ROOT=p-FRwCIvPj::TARGET=p-FRwCIvPj::MISSING=PREMISE_GROUP_1	41::cAhFW_hp1x	1
41::ROOT=p-FRwCIvPj::TARGET=p-FRwCIvPj::MISSING=PREMISE_GROUP_2	41::OjB4COsPbY	1
48::ROOT=DImVRGQtmY::TARGET=1gpiuqd5Ra::MISSING=PREMISE_GROUP_1	48::U4DIKAuAFG	1
48::ROOT=DImVRGQtmY::TARGET=3L1NFnuI9k::MISSING=PREMISE_GROUP_1	48::NGDhUNEWae	1
48::ROOT=DImVRGQtmY::TARGET=9YxE_MU372::MISSING=PREMISE_GROUP_1	48::RdH8wPVm1h	1
48::ROOT=DImVRGQtmY::TARGET=DImVRGQtmY::MISSING=CONCLUSION	48::DImVRGQtmY	1
48::ROOT=DImVRGQtmY::TARGET=DImVRGQtmY::MISSING=PREMISE_GROUP_1	48::gMY5L0fzPr	1
48::ROOT=DImVRGQtmY::TARGET=DImVRGQtmY::MISSING=PREMISE_GROUP_1	48::jIg7Sm_4AU	1
48::ROOT=DImVRGQtmY::TARGET=NGDhUNEWae::MISSING=PREMISE_GROUP_1	48::3UdpTU9vTV	1
48::ROOT=DImVRGQtmY::TARGET=U4DIKAuAFG::MISSING=PREMISE_GROUP_1	48::jGAtALEplq	1
48::ROOT=DImVRGQtmY::TARGET=ZOHxcckMBo::MISSING=PREMISE_GROUP_1	48::tZH5g-He8-	1
48::ROOT=DImVRGQtmY::TARGET=gMY5L0fzPr::MISSING=PREMISE_GROUP_1	48::kdNWirri29	1
48::ROOT=DImVRGQtmY::TARGET=jGAtALEplq::MISSING=PREMISE_GROUP_1	48::3L1NFnuI9k	1
48::ROOT=DImVRGQtmY::TARGET=jIg7Sm_4AU::MISSING=PREMISE_GROUP_1	48::ZOHxcckMBo	1
48::ROOT=DImVRGQtmY::TARGET=jIg7Sm_4AU::MISSING=PREMISE_GROUP_1	48::lACzA3lN3n	1
48::ROOT=DImVRGQtmY::TARGET=kdNWirri29::MISSING=PREMISE_GROUP_1	48::U4DIKAuAFG	1
48::ROOT=DImVRGQtmY::TARGET=lACzA3lN3n::MISSING=PREMISE_GROUP_1	48::9YxE_MU372	1
48::ROOT=DImVRGQtmY::TARGET=tZH5g-He8-::MISSING=PREMISE_GROUP_1	48::1gpiuqd5Ra	1
49::ROOT=ow_ZZxmQr3::TARGET=1xZ1u66FDS::MISSING=PREMISE_GROUP_1	49::Gf4XYX68TS	1
49::ROOT=ow_ZZxmQr3::TARGET=9mhaA9ymjX::MISSING=PREMISE_GROUP_1	49::9tjO2kadgi	1
49::ROOT=ow_ZZxmQr3::TARGET=9tjO2kadgi::MISSING=PREMISE_GROUP_1	49::iz6GcsUctk	1
49::ROOT=ow_ZZxmQr3::TARGET=9tjO2kadgi::MISSING=PREMISE_GROUP_1	49::NzKISvC085	1
49::ROOT=ow_ZZxmQr3::TARGET=EW7_ujv-Nj::MISSING=PREMISE_GROUP_1	49::9mhaA9ymjX	1
49::ROOT=ow_ZZxmQr3::TARGET=Gf4XYX68TS::MISSING=PREMISE_GROUP_1	49::_9_mpbOCO6	1
49::ROOT=ow_ZZxmQr3::TARGET=J7kLc5XhmR::MISSING=PREMISE_GROUP_1	49::qRxDehItb9	1
49::ROOT=ow_ZZxmQr3::TARGET=JAW7CE-2Aj::MISSING=PREMISE_GROUP_1	49::uXtVwY_H1W	1
49::ROOT=ow_ZZxmQr3::TARGET=LPfXT3_9Ry::MISSING=PREMISE_GROUP_1	49::bTTe3Q-xeQ	1
49::ROOT=ow_ZZxmQr3::TARGET=LPfXT3_9Ry::MISSING=PREMISE_GROUP_2	49::4wzLTn7vkA	1
49::ROOT=ow_ZZxmQr3::TARGET=U46nc8W2ua::MISSING=PREMISE_GROUP_1	49::UE2RsLLtpq	1
49::ROOT=ow_ZZxmQr3::TARGET=UE2RsLLtpq::MISSING=PREMISE_GROUP_1	49::uAGzHbmiSr	1
49::ROOT=ow_ZZxmQr3::TARGET=YwMicDlPMz::MISSING=PREMISE_GROUP_1	49::bpHtv63lpr	1
49::ROOT=ow_ZZxmQr3::TARGET=ZSwmGP0yaN::MISSING=PREMISE_GROUP_1	49::LPfXT3_9Ry	1
49::ROOT=ow_ZZxmQr3::TARGET=_9_mpbOCO6::MISSING=PREMISE_GROUP_1	49::ik_Ty-W3Vz	1
49::ROOT=ow_ZZxmQr3::TARGET=_9_mpbOCO6::MISSING=PREMISE_GROUP_2	49::7WBqOMy3mY	1
49::ROOT=ow_ZZxmQr3::TARGET=_smFjqzCxi::MISSING=PREMISE_GROUP_1	49::QmduwQ0S5Q	1
49::ROOT=ow_ZZxmQr3::TARGET=bTTe3Q-xeQ::MISSING=PREMISE_GROUP_1	49::_smFjqzCxi	1
49::ROOT=ow_ZZxmQr3::TARGET=bpHtv63lpr::MISSING=PREMISE_GROUP_1	49::z_3LqAg2sB	1
49::ROOT=ow_ZZxmQr3::TARGET=bpHtv63lpr::MISSING=PREMISE_GROUP_1	49::xKhm2FuX8F	1
49::ROOT=ow_ZZxmQr3::TARGET=bpHtv63lpr::MISSING=PREMISE_GROUP_1	49::ZSwmGP0yaN	1
49::ROOT=ow_ZZxmQr3::TARGET=hWpomvxoT8::MISSING=PREMISE_GROUP_1	49::EW7_ujv-Nj	1
49::ROOT=ow_ZZxmQr3::TARGET=ik_Ty-W3Vz::MISSING=PREMISE_GROUP_1	49::O0MwdhOTNL	1
49::ROOT=ow_ZZxmQr3::TARGET=k1fdF3wFQn::MISSING=PREMISE_GROUP_1	49::qRxDehItb9	1
49::ROOT=ow_ZZxmQr3::TARGET=kegLos6rkT::MISSING=PREMISE_GROUP_1	49::k1fdF3wFQn	1
49::ROOT=ow_ZZxmQr3::TARGET=o1mk9JzM0N::MISSING=PREMISE_GROUP_1	49::HTGCcjB9xJ	1
49::ROOT=ow_ZZxmQr3::TARGET=ow_ZZxmQr3::MISSING=CONCLUSION	49::ow_ZZxmQr3	1
49::ROOT=ow_ZZxmQr3::TARGET=ow_ZZxmQr3::MISSING=PREMISE_GROUP_1	49::YwMicDlPMz	1
49::ROOT=ow_ZZxmQr3::TARGET=ow_ZZxmQr3::MISSING=PREMISE_GROUP_1	49::U46nc8W2ua	1
49::ROOT=ow_ZZxmQr3::TARGET=ow_ZZxmQr3::MISSING=PREMISE_GROUP_1	49::kegLos6rkT	1
49::ROOT=ow_ZZxmQr3::TARGET=qRxDehItb9::MISSING=PREMISE_GROUP_1	49::ik_Ty-W3Vz	1
49::ROOT=ow_ZZxmQr3::TARGET=uAGzHbmiSr::MISSING=PREMISE_GROUP_1	49::JAW7CE-2Aj	1
49::ROOT=ow_ZZxmQr3::TARGET=uXtVwY_H1W::MISSING=PREMISE_GROUP_1	49::O0MwdhOTNL	1
49::ROOT=ow_ZZxmQr3::TARGET=uXtVwY_H1W::MISSING=PREMISE_GROUP_1	49::o1mk9JzM0N	1
49::ROOT=ow_ZZxmQr3::TARGET=vxCASBW5z7::MISSING=PREMISE_GROUP_1	49::1xZ1u66FDS	1
49::ROOT=ow_ZZxmQr3::TARGET=xKhm2FuX8F::MISSING=PREMISE_GROUP_1	49::LPfXT3_9Ry	1
49::ROOT=ow_ZZxmQr3::TARGET=z_3LqAg2sB::MISSING=PREMISE_GROUP_1	49::LPfXT3_9Ry	1
57::ROOT=zsISs_cniR::TARGET=Es4MZBZNPg::MISSING=PREMISE_GROUP_1	57::jLgwfsjKjV	1
57::ROOT=zsISs_cniR::TARGET=Es4MZBZNPg::MISSING=PREMISE_GROUP_2	57::Lhk1zLNQ8r	1
57::ROOT=zsISs_cniR::TARGET=JFtT3tK1hE::MISSING=PREMISE_GROUP_1	57::wBgkeDFDRy	1
57::ROOT=zsISs_cniR::TARGET=huyIbApEq0::MISSING=PREMISE_GROUP_1	57::Axuw849Cup	1
57::ROOT=zsISs_cniR::TARGET=wBgkeDFDRy::MISSING=PREMISE_GROUP_1	57::GxF9wFZFVu	1
57::ROOT=zsISs_cniR::TARGET=wBgkeDFDRy::MISSING=PREMISE_GROUP_2	57::huyIbApEq0	1
57::ROOT=zsISs_cniR::TARGET=zsISs_cniR::MISSING=CONCLUSION	57::zsISs_cniR	1
57::ROOT=zsISs_cniR::TARGET=zsISs_cniR::MISSING=PREMISE_GROUP_1	57::JFtT3tK1hE	1
57::ROOT=zsISs_cniR::TARGET=zsISs_cniR::MISSING=PREMISE_GROUP_2	57::Es4MZBZNPg	1
58::ROOT=kKHgP6GlYM::TARGET=Qm0RBDVms5::MISSING=PREMISE_GROUP_1	58::6bYQ0JfjFH	1
58::ROOT=kKHgP6GlYM::TARGET=Qm0RBDVms5::MISSING=PREMISE_GROUP_1	58::oHdU0XJU5I	1
58::ROOT=kKHgP6GlYM::TARGET=Xo2DVf1YfF::MISSING=PREMISE_GROUP_1	58::dXK60Lyp8F	1
58::ROOT=kKHgP6GlYM::TARGET=Xo2DVf1YfF::MISSING=PREMISE_GROUP_2	58::HVl3SOwnZX	1
58::ROOT=kKHgP6GlYM::TARGET=kKHgP6GlYM::MISSING=CONCLUSION	58::kKHgP6GlYM	1
58::ROOT=kKHgP6GlYM::TARGET=kKHgP6GlYM::MISSING=PREMISE_GROUP_1	58::Xo2DVf1YfF	1
58::ROOT=kKHgP6GlYM::TARGET=kKHgP6GlYM::MISSING=PREMISE_GROUP_2	58::h8G_PLdsdt	1
58::ROOT=kKHgP6GlYM::TARGET=kKHgP6GlYM::MISSING=PREMISE_GROUP_3	58::Qm0RBDVms5	1
58::ROOT=kKHgP6GlYM::TARGET=kKHgP6GlYM::MISSING=PREMISE_GROUP_3	58::zXw6ka_ELd	1
59::ROOT=Nut9c-naD5::TARGET=4DA_SQ7Kai::MISSING=PREMISE_GROUP_1	59::JUBNlxXRDi	1
59::ROOT=Nut9c-naD5::TARGET=DpJV68pf5c::MISSING=PREMISE_GROUP_1	59::gDENtzlnO3	1
59::ROOT=Nut9c-naD5::TARGET=Nut9c-naD5::MISSING=CONCLUSION	59::Nut9c-naD5	1
59::ROOT=Nut9c-naD5::TARGET=Nut9c-naD5::MISSING=PREMISE_GROUP_1	59::fzAz125uX0	1
59::ROOT=Nut9c-naD5::TARGET=Nut9c-naD5::MISSING=PREMISE_GROUP_1	59::ayvmGxPab1	1
59::ROOT=Nut9c-naD5::TARGET=U69yA5ec9T::MISSING=PREMISE_GROUP_1	59::zfCen2itKm	1
59::ROOT=Nut9c-naD5::TARGET=XIOb1SRGRs::MISSING=PREMISE_GROUP_1	59::U69yA5ec9T	1
59::ROOT=Nut9c-naD5::TARGET=a8iNDBo7Ly::MISSING=PREMISE_GROUP_1	59::zCeRMZL2ap	1
59::ROOT=Nut9c-naD5::TARGET=ayvmGxPab1::MISSING=PREMISE_GROUP_1	59::GuzGj3o8HM	1
59::ROOT=Nut9c-naD5::TARGET=bBhpWqGgOM::MISSING=PREMISE_GROUP_1	59::JUBNlxXRDi	1
59::ROOT=Nut9c-naD5::TARGET=gDENtzlnO3::MISSING=PREMISE_GROUP_1	59::4DA_SQ7Kai	1
59::ROOT=Nut9c-naD5::TARGET=gDENtzlnO3::MISSING=PREMISE_GROUP_1	59::bBhpWqGgOM	1
59::ROOT=Nut9c-naD5::TARGET=zfCen2itKm::MISSING=PREMISE_GROUP_1	59::KznMMFLt8u	1
59::ROOT=Nut9c-naD5::TARGET=zfCen2itKm::MISSING=PREMISE_GROUP_2	59::a8iNDBo7Ly	1
63::ROOT=bqBhKyA8bo::TARGET=WPYeMo1w5Z::MISSING=PREMISE_GROUP_1	63::KW2QVlHCIP	1
63::ROOT=bqBhKyA8bo::TARGET=bqBhKyA8bo::MISSING=CONCLUSION	63::bqBhKyA8bo	1
63::ROOT=bqBhKyA8bo::TARGET=bqBhKyA8bo::MISSING=PREMISE_GROUP_1	63::w4Szo4jPpy	1
63::ROOT=bqBhKyA8bo::TARGET=bqBhKyA8bo::MISSING=PREMISE_GROUP_2	63::5I0oF2VwRf	1
63::ROOT=bqBhKyA8bo::TARGET=m9mKJihUON::MISSING=PREMISE_GROUP_1	63::pbIi_swoDF	1
63::ROOT=bqBhKyA8bo::TARGET=sgu7zlBg-h::MISSING=PREMISE_GROUP_1	63::_HR6NY7oo9	1
63::ROOT=bqBhKyA8bo::TARGET=sgu7zlBg-h::MISSING=PREMISE_GROUP_1	63::wRzAG-ESpT	1
63::ROOT=bqBhKyA8bo::TARGET=vWVd0ZMmZ-::MISSING=PREMISE_GROUP_1	63::m9mKJihUON	1
63::ROOT=bqBhKyA8bo::TARGET=vWVd0ZMmZ-::MISSING=PREMISE_GROUP_2	63::sgu7zlBg-h	1
63::ROOT=bqBhKyA8bo::TARGET=w4Szo4jPpy::MISSING=PREMISE_GROUP_1	63::WPYeMo1w5Z	1
66::ROOT=nbHYSFiiqR::TARGET=SdX3jifrCT::MISSING=PREMISE_GROUP_1	66::NWvAGMcUEK	1
66::ROOT=nbHYSFiiqR::TARGET=SdX3jifrCT::MISSING=PREMISE_GROUP_2	66::b2a8PF1mDY	1
66::ROOT=nbHYSFiiqR::TARGET=g6R9aKz7mA::MISSING=PREMISE_GROUP_1	66::vTgWrmBLFn	1
66::ROOT=nbHYSFiiqR::TARGET=g6R9aKz7mA::MISSING=PREMISE_GROUP_2	66::_OpGS2qzp3	1
66::ROOT=nbHYSFiiqR::TARGET=iMoPeOPevl::MISSING=PREMISE_GROUP_1	66::rTpwIAHYxX	1
66::ROOT=nbHYSFiiqR::TARGET=iMoPeOPevl::MISSING=PREMISE_GROUP_2	66::a2hh_ulxaW	1
66::ROOT=nbHYSFiiqR::TARGET=iMoPeOPevl::MISSING=PREMISE_GROUP_3	66::qktmQtkskg	1
66::ROOT=nbHYSFiiqR::TARGET=nbHYSFiiqR::MISSING=CONCLUSION	66::nbHYSFiiqR	1
66::ROOT=nbHYSFiiqR::TARGET=nbHYSFiiqR::MISSING=PREMISE_GROUP_1	66::SdX3jifrCT	1
66::ROOT=nbHYSFiiqR::TARGET=nbHYSFiiqR::MISSING=PREMISE_GROUP_1	66::iMoPeOPevl	1
66::ROOT=nbHYSFiiqR::TARGET=nbHYSFiiqR::MISSING=PREMISE_GROUP_1	66::g6R9aKz7mA	1
67::ROOT=OcXQjl70qx::TARGET=7jQv1KVjkP::MISSING=PREMISE_GROUP_1	67::qxmdImom-G	1
67::ROOT=OcXQjl70qx::TARGET=7jQv1KVjkP::MISSING=PREMISE_GROUP_2	67::TESWJoqITz	1
67::ROOT=OcXQjl70qx::TARGET=LXsUbN05T9::MISSING=PREMISE_GROUP_1	67::QsXNrHzvOk	1
67::ROOT=OcXQjl70qx::TARGET=LXsUbN05T9::MISSING=PREMISE_GROUP_2	67::TEqgEStbgd	1
67::ROOT=OcXQjl70qx::TARGET=OcXQjl70qx::MISSING=CONCLUSION	67::OcXQjl70qx	1
67::ROOT=OcXQjl70qx::TARGET=OcXQjl70qx::MISSING=PREMISE_GROUP_1	67::LXsUbN05T9	1
67::ROOT=OcXQjl70qx::TARGET=OcXQjl70qx::MISSING=PREMISE_GROUP_1	67::l44GNIFm_p	1
67::ROOT=OcXQjl70qx::TARGET=OcXQjl70qx::MISSING=PREMISE_GROUP_1	67::7jQv1KVjkP	1
67::ROOT=OcXQjl70qx::TARGET=l44GNIFm_p::MISSING=PREMISE_GROUP_1	67::nDcmaoyTBm	1
67::ROOT=OcXQjl70qx::TARGET=l44GNIFm_p::MISSING=PREMISE_GROUP_2	67::qiT4EBc92l	1
68::ROOT=oqvwYhQHGR::TARGET=H5tvWJZTPQ::MISSING=PREMISE_GROUP_1	68::8JKTXsnWco	1
68::ROOT=oqvwYhQHGR::TARGET=H5tvWJZTPQ::MISSING=PREMISE_GROUP_1	68::q23yXumkar	1
68::ROOT=oqvwYhQHGR::TARGET=H5tvWJZTPQ::MISSING=PREMISE_GROUP_2	68::QSl9b3zbiG	1
68::ROOT=oqvwYhQHGR::TARGET=oqvwYhQHGR::MISSING=CONCLUSION	68::oqvwYhQHGR	1
68::ROOT=oqvwYhQHGR::TARGET=oqvwYhQHGR::MISSING=PREMISE_GROUP_1	68::yzX8GNsJcR	1
68::ROOT=oqvwYhQHGR::TARGET=oqvwYhQHGR::MISSING=PREMISE_GROUP_2	68::Oh7q_qTl9M	1
68::ROOT=oqvwYhQHGR::TARGET=oqvwYhQHGR::MISSING=PREMISE_GROUP_2	68::xUYcuFbrds	1
68::ROOT=oqvwYhQHGR::TARGET=xUYcuFbrds::MISSING=PREMISE_GROUP_1	68::NzvpI4Uv5X	1
68::ROOT=oqvwYhQHGR::TARGET=xUYcuFbrds::MISSING=PREMISE_GROUP_2	68::H5tvWJZTPQ	1
69::ROOT=ouvrbnqy3_::TARGET=6z_XaHV_1g::MISSING=PREMISE_GROUP_1	69::SGwGF3c8yJ	1
69::ROOT=ouvrbnqy3_::TARGET=6z_XaHV_1g::MISSING=PREMISE_GROUP_2	69::cfkFbU9d69	1
69::ROOT=ouvrbnqy3_::TARGET=BYQnfl30dc::MISSING=PREMISE_GROUP_1	69::3pF3Z7jzys	1
69::ROOT=ouvrbnqy3_::TARGET=BYQnfl30dc::MISSING=PREMISE_GROUP_2	69::JFVkPakQAF	1
69::ROOT=ouvrbnqy3_::TARGET=SGwGF3c8yJ::MISSING=PREMISE_GROUP_1	69::LNmSxBU_OK	1
69::ROOT=ouvrbnqy3_::TARGET=SGwGF3c8yJ::MISSING=PREMISE_GROUP_1	69::zeCtU63o0w	1
69::ROOT=ouvrbnqy3_::TARGET=hngvqEgbi_::MISSING=PREMISE_GROUP_1	69::zr9Pl_IqTg	1
69::ROOT=ouvrbnqy3_::TARGET=hngvqEgbi_::MISSING=PREMISE_GROUP_2	69::6z_XaHV_1g	1
69::ROOT=ouvrbnqy3_::TARGET=ouvrbnqy3_::MISSING=CONCLUSION	69::ouvrbnqy3_	1
69::ROOT=ouvrbnqy3_::TARGET=ouvrbnqy3_::MISSING=PREMISE_GROUP_1	69::BYQnfl30dc	1
69::ROOT=ouvrbnqy3_::TARGET=ouvrbnqy3_::MISSING=PREMISE_GROUP_2	69::hngvqEgbi_	1
70::ROOT=JSL5Vk3BHe::TARGET=8RyN0IqfSw::MISSING=PREMISE_GROUP_1	70::rp_SdDijku	1
70::ROOT=JSL5Vk3BHe::TARGET=8RyN0IqfSw::MISSING=PREMISE_GROUP_2	70::bQbi2vlduz	1
70::ROOT=JSL5Vk3BHe::TARGET=JSL5Vk3BHe::MISSING=CONCLUSION	70::JSL5Vk3BHe	1
70::ROOT=JSL5Vk3BHe::TARGET=JSL5Vk3BHe::MISSING=PREMISE_GROUP_1	70::RSrVmuRxh1	1
70::ROOT=JSL5Vk3BHe::TARGET=JSL5Vk3BHe::MISSING=PREMISE_GROUP_1	70::vrot41Gyjp	1
70::ROOT=JSL5Vk3BHe::TARGET=JSL5Vk3BHe::MISSING=PREMISE_GROUP_1	70::8RyN0IqfSw	1
70::ROOT=JSL5Vk3BHe::TARGET=RSrVmuRxh1::MISSING=PREMISE_GROUP_1	70::tJ9QCmGea4	1
70::ROOT=JSL5Vk3BHe::TARGET=RSrVmuRxh1::MISSING=PREMISE_GROUP_2	70::aItcjobFXW	1
70::ROOT=JSL5Vk3BHe::TARGET=YtoLgvY3gC::MISSING=PREMISE_GROUP_1	70::Yk0jTx262R	1
70::ROOT=JSL5Vk3BHe::TARGET=YtoLgvY3gC::MISSING=PREMISE_GROUP_2	70::qSNks-fvD2	1
70::ROOT=JSL5Vk3BHe::TARGET=YtoLgvY3gC::MISSING=PREMISE_GROUP_2	70::PfHWqayZQP	1
70::ROOT=JSL5Vk3BHe::TARGET=tJ9QCmGea4::MISSING=PREMISE_GROUP_1	70::kuj_wECuZI	1
70::ROOT=JSL5Vk3BHe::TARGET=vrot41Gyjp::MISSING=PREMISE_GROUP_1	70::YtoLgvY3gC	1
70::ROOT=JSL5Vk3BHe::TARGET=vrot41Gyjp::MISSING=PREMISE_GROUP_2	70::9zbTFGnJ0l	1
71::ROOT=mbEa5XhZe0::TARGET=Vh5rDSFJWf::MISSING=PREMISE_GROUP_1	71::fsO5_ZdyGC	1
71::ROOT=mbEa5XhZe0::TARGET=Vh5rDSFJWf::MISSING=PREMISE_GROUP_2	71::SdX6867Tsd	1
71::ROOT=mbEa5XhZe0::TARGET=bq2ulQ8lJJ::MISSING=PREMISE_GROUP_1	71::Wog-KoDgzZ	1
71::ROOT=mbEa5XhZe0::TARGET=bq2ulQ8lJJ::MISSING=PREMISE_GROUP_2	71::4L3o-yMZ_u	1
71::ROOT=mbEa5XhZe0::TARGET=fsO5_ZdyGC::MISSING=PREMISE_GROUP_1	71::QtfciyqwaF	1
71::ROOT=mbEa5XhZe0::TARGET=fsO5_ZdyGC::MISSING=PREMISE_GROUP_2	71::BpVtVXn3bm	1
71::ROOT=mbEa5XhZe0::TARGET=mbEa5XhZe0::MISSING=CONCLUSION	71::mbEa5XhZe0	1
71::ROOT=mbEa5XhZe0::TARGET=mbEa5XhZe0::MISSING=PREMISE_GROUP_1	71::bq2ulQ8lJJ	1
71::ROOT=mbEa5XhZe0::TARGET=mbEa5XhZe0::MISSING=PREMISE_GROUP_2	71::Vh5rDSFJWf	1
71::ROOT=mbEa5XhZe0::TARGET=mbEa5XhZe0::MISSING=PREMISE_GROUP_2	71::0zT_jvQbws	1
72::ROOT=4l-g6klucW::TARGET=4l-g6klucW::MISSING=CONCLUSION	72::4l-g6klucW	1
72::ROOT=4l-g6klucW::TARGET=4l-g6klucW::MISSING=PREMISE_GROUP_1	72::XUcwEQrjyT	1
72::ROOT=4l-g6klucW::TARGET=4l-g6klucW::MISSING=PREMISE_GROUP_2	72::5gb7VFgqe1	1
72::ROOT=4l-g6klucW::TARGET=4l-g6klucW::MISSING=PREMISE_GROUP_3	72::g_vbVVZYDU	1
72::ROOT=4l-g6klucW::TARGET=5gb7VFgqe1::MISSING=PREMISE_GROUP_1	72::ZCW0rX-Lo3	1
72::ROOT=4l-g6klucW::TARGET=g_vbVVZYDU::MISSING=PREMISE_GROUP_1	72::eYTeRQQHo6	1
72::ROOT=4l-g6klucW::TARGET=g_vbVVZYDU::MISSING=PREMISE_GROUP_2	72::P_lzjkwQ6f	1
73::ROOT=iIMKhVOrrn::TARGET=HgJ5Ohv2mE::MISSING=PREMISE_GROUP_1	73::dfeFvIoYy0	1
73::ROOT=iIMKhVOrrn::TARGET=HgJ5Ohv2mE::MISSING=PREMISE_GROUP_2	73::-U_0cIUPWe	1
73::ROOT=iIMKhVOrrn::TARGET=dfeFvIoYy0::MISSING=PREMISE_GROUP_1	73::otg8z8mkvS	1
73::ROOT=iIMKhVOrrn::TARGET=iIMKhVOrrn::MISSING=CONCLUSION	73::iIMKhVOrrn	1
73::ROOT=iIMKhVOrrn::TARGET=iIMKhVOrrn::MISSING=PREMISE_GROUP_1	73::OZZrptVy8O	1
73::ROOT=iIMKhVOrrn::TARGET=iIMKhVOrrn::MISSING=PREMISE_GROUP_2	73::HgJ5Ohv2mE	1
73::ROOT=iIMKhVOrrn::TARGET=iIMKhVOrrn::MISSING=PREMISE_GROUP_2	73::MZvO5mnlk9	1
73::ROOT=iIMKhVOrrn::TARGET=otg8z8mkvS::MISSING=PREMISE_GROUP_1	73::t1XOYP7O_7	1
73::ROOT=iIMKhVOrrn::TARGET=otg8z8mkvS::MISSING=PREMISE_GROUP_2	73::yoboBG7Mw2	1
74::ROOT=RwZ1LQnElT::TARGET=45moklItV8::MISSING=PREMISE_GROUP_1	74::XVTj_hAXOF	1
74::ROOT=RwZ1LQnElT::TARGET=45moklItV8::MISSING=PREMISE_GROUP_1	74::Ur1My0l21T	1
74::ROOT=RwZ1LQnElT::TARGET=RwZ1LQnElT::MISSING=CONCLUSION	74::RwZ1LQnElT	1
74::ROOT=RwZ1LQnElT::TARGET=RwZ1LQnElT::MISSING=PREMISE_GROUP_1	74::w21-rGBAh8	1
74::ROOT=RwZ1LQnElT::TARGET=RwZ1LQnElT::MISSING=PREMISE_GROUP_2	74::__rRd0XGJl	1
74::ROOT=RwZ1LQnElT::TARGET=RwZ1LQnElT::MISSING=PREMISE_GROUP_2	74::c_pCXSpUkn	1
74::ROOT=RwZ1LQnElT::TARGET=__rRd0XGJl::MISSING=PREMISE_GROUP_1	74::45moklItV8	1
74::ROOT=RwZ1LQnElT::TARGET=__rRd0XGJl::MISSING=PREMISE_GROUP_2	74::Z8Am-3CK8a	1
74::ROOT=RwZ1LQnElT::TARGET=c_pCXSpUkn::MISSING=PREMISE_GROUP_1	74::l2S0FfKz_s	1
74::ROOT=RwZ1LQnElT::TARGET=c_pCXSpUkn::MISSING=PREMISE_GROUP_2	74::ivKfsJRDJG	1
74::ROOT=RwZ1LQnElT::TARGET=c_pCXSpUkn::MISSING=PREMISE_GROUP_3	74::ejEBtm2N26	1
74::ROOT=RwZ1LQnElT::TARGET=l2S0FfKz_s::MISSING=PREMISE_GROUP_1	74::RHJEGmc6Gl	1
74::ROOT=RwZ1LQnElT::TARGET=l2S0FfKz_s::MISSING=PREMISE_GROUP_1	74::Qr7SXXANIp	1
74::ROOT=RwZ1LQnElT::TARGET=l2S0FfKz_s::MISSING=PREMISE_GROUP_2	74::NEPc0gUQFf	1
74::ROOT=RwZ1LQnElT::TARGET=w21-rGBAh8::MISSING=PREMISE_GROUP_1	74::WhLIGMK9PA	1
74::ROOT=RwZ1LQnElT::TARGET=w21-rGBAh8::MISSING=PREMISE_GROUP_2	74::0Jh6Nv3KX2	1
75::ROOT=qy85J9alvC::TARGET=0FJErZViCW::MISSING=PREMISE_GROUP_1	75::P7U24elpXy	1
75::ROOT=qy85J9alvC::TARGET=0FJErZViCW::MISSING=PREMISE_GROUP_2	75::xkibSysFa2	1
75::ROOT=qy85J9alvC::TARGET=0FJErZViCW::MISSING=PREMISE_GROUP_2	75::TCPPKberAj	1
75::ROOT=qy85J9alvC::TARGET=0FJErZViCW::MISSING=PREMISE_GROUP_3	75::dba9IJdpkQ	1
75::ROOT=qy85J9alvC::TARGET=P7U24elpXy::MISSING=PREMISE_GROUP_1	75::5V4OkI8vAu	1
75::ROOT=qy85J9alvC::TARGET=P7U24elpXy::MISSING=PREMISE_GROUP_2	75::Cp7MTLdsxe	1
75::ROOT=qy85J9alvC::TARGET=cH7Gc2LA3i::MISSING=PREMISE_GROUP_1	75::eC386mjMck	1
75::ROOT=qy85J9alvC::TARGET=cH7Gc2LA3i::MISSING=PREMISE_GROUP_2	75::BaqDnG3Hcn	1
75::ROOT=qy85J9alvC::TARGET=pixO317IQ9::MISSING=PREMISE_GROUP_1	75::P7U24elpXy	1
75::ROOT=qy85J9alvC::TARGET=pixO317IQ9::MISSING=PREMISE_GROUP_1	75::0FJErZViCW	1
75::ROOT=qy85J9alvC::TARGET=qy85J9alvC::MISSING=CONCLUSION	75::qy85J9alvC	1
75::ROOT=qy85J9alvC::TARGET=qy85J9alvC::MISSING=PREMISE_GROUP_1	75::pixO317IQ9	1
75::ROOT=qy85J9alvC::TARGET=qy85J9alvC::MISSING=PREMISE_GROUP_1	75::cH7Gc2LA3i	1
76::ROOT=BBoC7q_VKD::TARGET=BBoC7q_VKD::MISSING=CONCLUSION	76::BBoC7q_VKD	1
76::ROOT=BBoC7q_VKD::TARGET=BBoC7q_VKD::MISSING=PREMISE_GROUP_1	76::grblXeb6U-	1
76::ROOT=BBoC7q_VKD::TARGET=BBoC7q_VKD::MISSING=PREMISE_GROUP_1	76::JwUlcd56qe	1
76::ROOT=BBoC7q_VKD::TARGET=JwUlcd56qe::MISSING=PREMISE_GROUP_1	76::Or2hGH0WKc	1
76::ROOT=BBoC7q_VKD::TARGET=JwUlcd56qe::MISSING=PREMISE_GROUP_2	76::B-ZTjgdbuB	1
76::ROOT=BBoC7q_VKD::TARGET=JwUlcd56qe::MISSING=PREMISE_GROUP_2	76::qLKb8otvfn	1
76::ROOT=BBoC7q_VKD::TARGET=JwUlcd56qe::MISSING=PREMISE_GROUP_2	76::rjm6ygEHwP	1
76::ROOT=BBoC7q_VKD::TARGET=bv9E55n8R6::MISSING=PREMISE_GROUP_1	76::4tr-gtN6AC	1
76::ROOT=BBoC7q_VKD::TARGET=bv9E55n8R6::MISSING=PREMISE_GROUP_2	76::mT7wqjAuS7	1
76::ROOT=BBoC7q_VKD::TARGET=grblXeb6U-::MISSING=PREMISE_GROUP_1	76::yu0eog4HSk	1
76::ROOT=BBoC7q_VKD::TARGET=grblXeb6U-::MISSING=PREMISE_GROUP_2	76::2vANiZ4rWs	1
76::ROOT=BBoC7q_VKD::TARGET=yu0eog4HSk::MISSING=PREMISE_GROUP_1	76::bv9E55n8R6	1
76::ROOT=BBoC7q_VKD::TARGET=yu0eog4HSk::MISSING=PREMISE_GROUP_2	76::u--srsM1ID	1
77::ROOT=hJMMG9iIJO::TARGET=4_7gpCGXvn::MISSING=PREMISE_GROUP_1	77::MbyVTGzkof	1
77::ROOT=hJMMG9iIJO::TARGET=4_7gpCGXvn::MISSING=PREMISE_GROUP_2	77::OH0Akx-JRe	1
77::ROOT=hJMMG9iIJO::TARGET=MbyVTGzkof::MISSING=PREMISE_GROUP_1	77::tNH7OC9c0f	1
77::ROOT=hJMMG9iIJO::TARGET=MbyVTGzkof::MISSING=PREMISE_GROUP_2	77::qdB3JJyDCF	1
77::ROOT=hJMMG9iIJO::TARGET=MbyVTGzkof::MISSING=PREMISE_GROUP_3	77::n14kPxalqT	1
77::ROOT=hJMMG9iIJO::TARGET=NYCUJEnAXa::MISSING=PREMISE_GROUP_1	77::4_7gpCGXvn	1
77::ROOT=hJMMG9iIJO::TARGET=NYCUJEnAXa::MISSING=PREMISE_GROUP_1	77::EAjxScbYJb	1
77::ROOT=hJMMG9iIJO::TARGET=NYCUJEnAXa::MISSING=PREMISE_GROUP_2	77::3cuUmx2QEV	1
77::ROOT=hJMMG9iIJO::TARGET=OH0Akx-JRe::MISSING=PREMISE_GROUP_1	77::oqEXtwdQf9	1
77::ROOT=hJMMG9iIJO::TARGET=OH0Akx-JRe::MISSING=PREMISE_GROUP_2	77::ktrEQpLE09	1
77::ROOT=hJMMG9iIJO::TARGET=hJMMG9iIJO::MISSING=CONCLUSION	77::hJMMG9iIJO	1
77::ROOT=hJMMG9iIJO::TARGET=hJMMG9iIJO::MISSING=PREMISE_GROUP_1	77::NYCUJEnAXa	1
77::ROOT=hJMMG9iIJO::TARGET=tNH7OC9c0f::MISSING=PREMISE_GROUP_1	77::Ve5v9m5s9r	1
77::ROOT=hJMMG9iIJO::TARGET=tNH7OC9c0f::MISSING=PREMISE_GROUP_2	77::NdKMkQgZRY	1
78::ROOT=mHknhScxBS::TARGET=4FtbtW2Uus::MISSING=PREMISE_GROUP_1	78::ke1UkZpwUP	1
78::ROOT=mHknhScxBS::TARGET=4FtbtW2Uus::MISSING=PREMISE_GROUP_2	78::8mOyKNZJO8	1
78::ROOT=mHknhScxBS::TARGET=4gUPptNVdR::MISSING=PREMISE_GROUP_1	78::VCcpWudkac	1
78::ROOT=mHknhScxBS::TARGET=KjOvIVfVO2::MISSING=PREMISE_GROUP_1	78::z0Crw8lfOK	1
78::ROOT=mHknhScxBS::TARGET=KjOvIVfVO2::MISSING=PREMISE_GROUP_2	78::YUsFtBqGyQ	1
78::ROOT=mHknhScxBS::TARGET=UysdS827fX::MISSING=PREMISE_GROUP_1	78::4FtbtW2Uus	1
78::ROOT=mHknhScxBS::TARGET=UysdS827fX::MISSING=PREMISE_GROUP_2	78::pruT5qyERj	1
78::ROOT=mHknhScxBS::TARGET=UysdS827fX::MISSING=PREMISE_GROUP_2	78::aEG8PSHvUN	1
78::ROOT=mHknhScxBS::TARGET=UysdS827fX::MISSING=PREMISE_GROUP_3	78::L5yWuLpxd0	1
78::ROOT=mHknhScxBS::TARGET=VCcpWudkac::MISSING=PREMISE_GROUP_1	78::nt7qdQQW4r	1
78::ROOT=mHknhScxBS::TARGET=VCcpWudkac::MISSING=PREMISE_GROUP_2	78::xMhhwK1Zh3	1
78::ROOT=mHknhScxBS::TARGET=mHknhScxBS::MISSING=CONCLUSION	78::mHknhScxBS	1
78::ROOT=mHknhScxBS::TARGET=mHknhScxBS::MISSING=PREMISE_GROUP_1	78::KjOvIVfVO2	1
78::ROOT=mHknhScxBS::TARGET=mHknhScxBS::MISSING=PREMISE_GROUP_1	78::qWL5wevcmI	1
78::ROOT=mHknhScxBS::TARGET=mHknhScxBS::MISSING=PREMISE_GROUP_1	78::4gUPptNVdR	1
78::ROOT=mHknhScxBS::TARGET=pruT5qyERj::MISSING=PREMISE_GROUP_1	78::L5jdNEdn_X	1
78::ROOT=mHknhScxBS::TARGET=pruT5qyERj::MISSING=PREMISE_GROUP_2	78::GXj1LDWGkW	1
78::ROOT=mHknhScxBS::TARGET=qWL5wevcmI::MISSING=PREMISE_GROUP_1	78::5QevUu7Pis	1
78::ROOT=mHknhScxBS::TARGET=qWL5wevcmI::MISSING=PREMISE_GROUP_2	78::WFz7tdLNnj	1
78::ROOT=mHknhScxBS::TARGET=z0Crw8lfOK::MISSING=PREMISE_GROUP_1	78::UysdS827fX	1
79::ROOT=cCRhKnjGDP::TARGET=84nLK6OKnZ::MISSING=PREMISE_GROUP_1	79::B1IexJ-BFS	1
79::ROOT=cCRhKnjGDP::TARGET=84nLK6OKnZ::MISSING=PREMISE_GROUP_2	79::F9QS-STGrp	1
79::ROOT=cCRhKnjGDP::TARGET=B1IexJ-BFS::MISSING=PREMISE_GROUP_1	79::lIaHN8GP38	1
79::ROOT=cCRhKnjGDP::TARGET=B1IexJ-BFS::MISSING=PREMISE_GROUP_1	79::L6ilNTfAUA	1
79::ROOT=cCRhKnjGDP::TARGET=F9QS-STGrp::MISSING=PREMISE_GROUP_1	79::VTVETeEQeV	1
79::ROOT=cCRhKnjGDP::TARGET=F9QS-STGrp::MISSING=PREMISE_GROUP_2	79::NoR0kmhuuN	1
79::ROOT=cCRhKnjGDP::TARGET=cCRhKnjGDP::MISSING=CONCLUSION	79::cCRhKnjGDP	1
79::ROOT=cCRhKnjGDP::TARGET=cCRhKnjGDP::MISSING=PREMISE_GROUP_1	79::84nLK6OKnZ	1
80::ROOT=NRlryYE4eF::TARGET=Kz14P19UyM::MISSING=PREMISE_GROUP_1	80::zuzNUzW1wy	1
80::ROOT=NRlryYE4eF::TARGET=Kz14P19UyM::MISSING=PREMISE_GROUP_1	80::vZgEF0gYkV	1
80::ROOT=NRlryYE4eF::TARGET=NRlryYE4eF::MISSING=CONCLUSION	80::NRlryYE4eF	1
80::ROOT=NRlryYE4eF::TARGET=NRlryYE4eF::MISSING=PREMISE_GROUP_1	80::Kz14P19UyM	1
80::ROOT=NRlryYE4eF::TARGET=NRlryYE4eF::MISSING=PREMISE_GROUP_1	80::loCHlq8-3F	1
80::ROOT=NRlryYE4eF::TARGET=NRlryYE4eF::MISSING=PREMISE_GROUP_1	80::G3WCIMXI_I	1
80::ROOT=NRlryYE4eF::TARGET=S0rKFZcbV3::MISSING=PREMISE_GROUP_1	80::03D_65INou	1
80::ROOT=NRlryYE4eF::TARGET=S0rKFZcbV3::MISSING=PREMISE_GROUP_1	80::KlBMJcNXd9	1
80::ROOT=NRlryYE4eF::TARGET=loCHlq8-3F::MISSING=PREMISE_GROUP_1	80::Eo_CdCXe7q	1
80::ROOT=NRlryYE4eF::TARGET=loCHlq8-3F::MISSING=PREMISE_GROUP_2	80::S0rKFZcbV3	1
83::ROOT=SpZtbtvp7s::TARGET=B6VLEvYlgl::MISSING=PREMISE_GROUP_1	83::pwq99zT02M	1
83::ROOT=SpZtbtvp7s::TARGET=B6VLEvYlgl::MISSING=PREMISE_GROUP_1	83::wimCDuQ7tK	1
83::ROOT=SpZtbtvp7s::TARGET=B6VLEvYlgl::MISSING=PREMISE_GROUP_1	83::g0XEThzBXg	1
83::ROOT=SpZtbtvp7s::TARGET=B6VLEvYlgl::MISSING=PREMISE_GROUP_1	83::p1ydAQa4qv	1
83::ROOT=SpZtbtvp7s::TARGET=Fy5S_2FWhL::MISSING=PREMISE_GROUP_1	83::GqiNvvjGIG	1
83::ROOT=SpZtbtvp7s::TARGET=Fy5S_2FWhL::MISSING=PREMISE_GROUP_1	83::eYr6rwPBgx	1
83::ROOT=SpZtbtvp7s::TARGET=LkIEavCje6::MISSING=PREMISE_GROUP_1	83::BsEhC6yl18	1
83::ROOT=SpZtbtvp7s::TARGET=LkIEavCje6::MISSING=PREMISE_GROUP_2	83::8xX-kYHzvB	1
83::ROOT=SpZtbtvp7s::TARGET=LkIEavCje6::MISSING=PREMISE_GROUP_2	83::-dJgQ9Qe2W	1
83::ROOT=SpZtbtvp7s::TARGET=LkIEavCje6::MISSING=PREMISE_GROUP_2	83::lQTecGtyEw	1
83::ROOT=SpZtbtvp7s::TARGET=SpZtbtvp7s::MISSING=CONCLUSION	83::SpZtbtvp7s	1
83::ROOT=SpZtbtvp7s::TARGET=WMxgRL19Ai::MISSING=PREMISE_GROUP_1	83::LkIEavCje6	1
83::ROOT=SpZtbtvp7s::TARGET=bf7rs2VfPY::MISSING=PREMISE_GROUP_1	83::B6VLEvYlgl	1
83::ROOT=SpZtbtvp7s::TARGET=uAhde3wnBV::MISSING=PREMISE_GROUP_1	83::Fy5S_2FWhL	1
83::ROOT=u9cTiS3X8a::TARGET=2uCMe9ulAR::MISSING=PREMISE_GROUP_1	83::hj-Nr7G47h	1
83::ROOT=u9cTiS3X8a::TARGET=B4QgupXONS::MISSING=PREMISE_GROUP_1	83::oYhAW6gizy	1
83::ROOT=u9cTiS3X8a::TARGET=FEOYzE7Q6U::MISSING=PREMISE_GROUP_1	83::iq4y0m4Oem	1
83::ROOT=u9cTiS3X8a::TARGET=GtCKI-cSht::MISSING=PREMISE_GROUP_1	83::dCVeO3TnUb	1
83::ROOT=u9cTiS3X8a::TARGET=YMiKUuKMmH::MISSING=PREMISE_GROUP_1	83::Y_GJIYVTPu	1
83::ROOT=u9cTiS3X8a::TARGET=dCVeO3TnUb::MISSING=PREMISE_GROUP_1	83::e-CPbiT1qy	1
83::ROOT=u9cTiS3X8a::TARGET=e-CPbiT1qy::MISSING=PREMISE_GROUP_1	83::5WLmRpkfPX	1
83::ROOT=u9cTiS3X8a::TARGET=iq4y0m4Oem::MISSING=PREMISE_GROUP_1	83::2uCMe9ulAR	1
83::ROOT=u9cTiS3X8a::TARGET=ncUYFodCuP::MISSING=PREMISE_GROUP_1	83::s5qTjuLebN	1
83::ROOT=u9cTiS3X8a::TARGET=o7A82YUBCT::MISSING=PREMISE_GROUP_1	83::FEOYzE7Q6U	1
83::ROOT=u9cTiS3X8a::TARGET=o7A82YUBCT::MISSING=PREMISE_GROUP_1	83::B4QgupXONS	1
83::ROOT=u9cTiS3X8a::TARGET=s5qTjuLebN::MISSING=PREMISE_GROUP_1	83::YMiKUuKMmH	1
83::ROOT=u9cTiS3X8a::TARGET=u9cTiS3X8a::MISSING=CONCLUSION	83::u9cTiS3X8a	1
85::ROOT=_-OAt8--lL::TARGET=-VwL2l59fq::MISSING=PREMISE_GROUP_1	85::APL0Ojq1X3	1
85::ROOT=_-OAt8--lL::TARGET=0MseWeX2Z0::MISSING=PREMISE_GROUP_1	85::6Qeli9BlOT	1
85::ROOT=_-OAt8--lL::TARGET=0MseWeX2Z0::MISSING=PREMISE_GROUP_1	85::JFdpTYKzuA	1
85::ROOT=_-OAt8--lL::TARGET=0MseWeX2Z0::MISSING=PREMISE_GROUP_1	85::gqYsSO0rcj	1
85::ROOT=_-OAt8--lL::TARGET=47cosJbP5I::MISSING=PREMISE_GROUP_1	85::qiENpEYVhP	1
85::ROOT=_-OAt8--lL::TARGET=47cosJbP5I::MISSING=PREMISE_GROUP_2	85::T5OoHhTeyw	1
85::ROOT=_-OAt8--lL::TARGET=5oR3NBJU5M::MISSING=PREMISE_GROUP_1	85::XSFUHsHW6N	1
85::ROOT=_-OAt8--lL::TARGET=5oR3NBJU5M::MISSING=PREMISE_GROUP_1	85::-VwL2l59fq	1
85::ROOT=_-OAt8--lL::TARGET=6Qeli9BlOT::MISSING=PREMISE_GROUP_1	85::iCG6MA10tR	1
85::ROOT=_-OAt8--lL::TARGET=7zBwrTXP7E::MISSING=PREMISE_GROUP_1	85::xcji1zHaQ6	1
85::ROOT=_-OAt8--lL::TARGET=7zBwrTXP7E::MISSING=PREMISE_GROUP_1	85::RkFUn4Yc9F	1
85::ROOT=_-OAt8--lL::TARGET=APL0Ojq1X3::MISSING=PREMISE_GROUP_1	85::PF-XR6E4CN	1
85::ROOT=_-OAt8--lL::TARGET=APL0Ojq1X3::MISSING=PREMISE_GROUP_1	85::-l3WAb_fu2	1
85::ROOT=_-OAt8--lL::TARGET=CNv-ZWJ1Qa::MISSING=PREMISE_GROUP_1	85::iveakt6ng4	1
85::ROOT=_-OAt8--lL::TARGET=CNv-ZWJ1Qa::MISSING=PREMISE_GROUP_1	85::0MseWeX2Z0	1
85::ROOT=_-OAt8--lL::TARGET=NnF86bwgJg::MISSING=PREMISE_GROUP_1	85::xAF_M7Opin	1
85::ROOT=_-OAt8--lL::TARGET=XSFUHsHW6N::MISSING=PREMISE_GROUP_1	85::nfv7KQnNW8	1
85::ROOT=_-OAt8--lL::TARGET=_-OAt8--lL::MISSING=CONCLUSION	85::_-OAt8--lL	1
85::ROOT=_-OAt8--lL::TARGET=dFFLxJav0Y::MISSING=PREMISE_GROUP_1	85::JFdpTYKzuA	1
85::ROOT=_-OAt8--lL::TARGET=dFFLxJav0Y::MISSING=PREMISE_GROUP_1	85::LzPUIC8YNt	1
85::ROOT=_-OAt8--lL::TARGET=iveakt6ng4::MISSING=PREMISE_GROUP_1	85::r0nFrdvuCV	1
85::ROOT=_-OAt8--lL::TARGET=nX0n4IwoPj::MISSING=PREMISE_GROUP_1	85::hYzdcmCqm3	1
85::ROOT=_-OAt8--lL::TARGET=nX0n4IwoPj::MISSING=PREMISE_GROUP_1	85::5D-WAUdT6H	1
85::ROOT=_-OAt8--lL::TARGET=nX0n4IwoPj::MISSING=PREMISE_GROUP_1	85::47cosJbP5I	1
85::ROOT=_-OAt8--lL::TARGET=ofsrp2ZMXU::MISSING=PREMISE_GROUP_1	85::sMARR_760S	1
85::ROOT=_-OAt8--lL::TARGET=qiENpEYVhP::MISSING=PREMISE_GROUP_1	85::LzPUIC8YNt	1
85::ROOT=_-OAt8--lL::TARGET=qiENpEYVhP::MISSING=PREMISE_GROUP_2	85::T5OoHhTeyw	1
85::ROOT=_-OAt8--lL::TARGET=sMARR_760S::MISSING=PREMISE_GROUP_1	85::M-Abanaudk	1
85::ROOT=_-OAt8--lL::TARGET=sVQx33AFWk::MISSING=PREMISE_GROUP_1	85::nX0n4IwoPj	1
85::ROOT=_-OAt8--lL::TARGET=xAF_M7Opin::MISSING=PREMISE_GROUP_1	85::7zBwrTXP7E	1
86::ROOT=TngQAxOF5Y::TARGET=60J93Md-ri::MISSING=PREMISE_GROUP_1	86::tC4DeTgC3K	1
86::ROOT=TngQAxOF5Y::TARGET=6pLbaY17TC::MISSING=PREMISE_GROUP_1	86::2J9_49Ew5T	1
86::ROOT=TngQAxOF5Y::TARGET=8lTL7O6R9P::MISSING=PREMISE_GROUP_1	86::TMBpUMyhjQ	1
86::ROOT=TngQAxOF5Y::TARGET=GbTu146rPc::MISSING=PREMISE_GROUP_1	86::U_u1MWmOYx	1
86::ROOT=TngQAxOF5Y::TARGET=RW-VBz0VoL::MISSING=PREMISE_GROUP_1	86::zzLaFN_a45	1
86::ROOT=TngQAxOF5Y::TARGET=TMBpUMyhjQ::MISSING=PREMISE_GROUP_1	86::uVS1gcEXFx	1
86::ROOT=TngQAxOF5Y::TARGET=Tdge6VMzmb::MISSING=PREMISE_GROUP_1	86::qCMWmhkZTe	1
86::ROOT=TngQAxOF5Y::TARGET=TngQAxOF5Y::MISSING=CONCLUSION	86::TngQAxOF5Y	1
86::ROOT=TngQAxOF5Y::TARGET=TngQAxOF5Y::MISSING=PREMISE_GROUP_1	86::GbTu146rPc	1
86::ROOT=TngQAxOF5Y::TARGET=U_u1MWmOYx::MISSING=PREMISE_GROUP_1	86::Tdge6VMzmb	1
86::ROOT=TngQAxOF5Y::TARGET=U_u1MWmOYx::MISSING=PREMISE_GROUP_1	86::bBERqsOSbo	1
86::ROOT=TngQAxOF5Y::TARGET=U_u1MWmOYx::MISSING=PREMISE_GROUP_1	86::8lTL7O6R9P	1
86::ROOT=TngQAxOF5Y::TARGET=bBERqsOSbo::MISSING=PREMISE_GROUP_1	86::uVS1gcEXFx	1
86::ROOT=TngQAxOF5Y::TARGET=bBERqsOSbo::MISSING=PREMISE_GROUP_1	86::pI1qtH1Ryl	1
86::ROOT=TngQAxOF5Y::TARGET=bBERqsOSbo::MISSING=PREMISE_GROUP_1	86::TU148KyntJ	1
86::ROOT=TngQAxOF5Y::TARGET=bBERqsOSbo::MISSING=PREMISE_GROUP_1	86::60J93Md-ri	1
86::ROOT=TngQAxOF5Y::TARGET=e3q-tH3HHc::MISSING=PREMISE_GROUP_1	86::9jDnpWpH3I	1
86::ROOT=TngQAxOF5Y::TARGET=hfzI1ZNwbP::MISSING=PREMISE_GROUP_1	86::RW-VBz0VoL	1
86::ROOT=TngQAxOF5Y::TARGET=iaCkkeKH2K::MISSING=PREMISE_GROUP_1	86::hfzI1ZNwbP	1
86::ROOT=TngQAxOF5Y::TARGET=nAi7C7nhH4::MISSING=PREMISE_GROUP_1	86::yzBnwxhIqK	1
86::ROOT=TngQAxOF5Y::TARGET=nAi7C7nhH4::MISSING=PREMISE_GROUP_1	86::wC0YlJbVvN	1
86::ROOT=TngQAxOF5Y::TARGET=qCMWmhkZTe::MISSING=PREMISE_GROUP_1	86::tyRz0Q1Y2e	1
86::ROOT=TngQAxOF5Y::TARGET=tC4DeTgC3K::MISSING=PREMISE_GROUP_1	86::cAM38e2IG3	1
86::ROOT=TngQAxOF5Y::TARGET=tC4DeTgC3K::MISSING=PREMISE_GROUP_1	86::87kqAE3UgB	1
86::ROOT=TngQAxOF5Y::TARGET=tC4DeTgC3K::MISSING=PREMISE_GROUP_1	86::D4u4HYk1TM	1
86::ROOT=TngQAxOF5Y::TARGET=tyRz0Q1Y2e::MISSING=PREMISE_GROUP_1	86::6pLbaY17TC	1
86::ROOT=TngQAxOF5Y::TARGET=tyRz0Q1Y2e::MISSING=PREMISE_GROUP_1	86::o_UfvDKkfp	1
86::ROOT=TngQAxOF5Y::TARGET=wC0YlJbVvN::MISSING=PREMISE_GROUP_1	86::e3q-tH3HHc	1
87::ROOT=wbkZAYGqgn::TARGET=6oiid9O-e2::MISSING=PREMISE_GROUP_1	87::lTHytOUJU5	1
87::ROOT=wbkZAYGqgn::TARGET=6oiid9O-e2::MISSING=PREMISE_GROUP_2	87::MXGPea1Mrc	1
87::ROOT=wbkZAYGqgn::TARGET=6oiid9O-e2::MISSING=PREMISE_GROUP_3	87::GPHz0iR5f4	1
87::ROOT=wbkZAYGqgn::TARGET=9Lgnkg1UYg::MISSING=PREMISE_GROUP_1	87::3w_I09TtKw	1
87::ROOT=wbkZAYGqgn::TARGET=9Lgnkg1UYg::MISSING=PREMISE_GROUP_2	87::kH3S71MXTW	1
87::ROOT=wbkZAYGqgn::TARGET=BnBj4SKe5g::MISSING=PREMISE_GROUP_1	87::KMNxius4U6	1
87::ROOT=wbkZAYGqgn::TARGET=BnBj4SKe5g::MISSING=PREMISE_GROUP_1	87::aooHMPqxzL	1
87::ROOT=wbkZAYGqgn::TARGET=BnBj4SKe5g::MISSING=PREMISE_GROUP_1	87::e7el-NOcGU	1
87::ROOT=wbkZAYGqgn::TARGET=BnBj4SKe5g::MISSING=PREMISE_GROUP_2	87::C1BMJjM1_-	1
87::ROOT=wbkZAYGqgn::TARGET=KMNxius4U6::MISSING=PREMISE_GROUP_1	87::9Y9_D1ZyS3	1
87::ROOT=wbkZAYGqgn::TARGET=KMNxius4U6::MISSING=PREMISE_GROUP_1	87::VQ6JK6K4yD	1
87::ROOT=wbkZAYGqgn::TARGET=wbkZAYGqgn::MISSING=CONCLUSION	87::wbkZAYGqgn	1
87::ROOT=wbkZAYGqgn::TARGET=wbkZAYGqgn::MISSING=PREMISE_GROUP_1	87::BnBj4SKe5g	1
87::ROOT=wbkZAYGqgn::TARGET=wbkZAYGqgn::MISSING=PREMISE_GROUP_1	87::kH3S71MXTW	1
87::ROOT=wbkZAYGqgn::TARGET=wbkZAYGqgn::MISSING=PREMISE_GROUP_1	87::6oiid9O-e2	1
91::ROOT=Gqp6rHfpST::TARGET=21MJHxn3FI::MISSING=PREMISE_GROUP_1	91::aPIwj5bBpQ	1
91::ROOT=Gqp6rHfpST::TARGET=9AkRf4f0PG::MISSING=PREMISE_GROUP_1	91::8Lo-0F5xUM	1
91::ROOT=Gqp6rHfpST::TARGET=9AkRf4f0PG::MISSING=PREMISE_GROUP_2	91::aRoDhNAVPO	1
91::ROOT=Gqp6rHfpST::TARGET=Gqp6rHfpST::MISSING=CONCLUSION	91::Gqp6rHfpST	1
91::ROOT=Gqp6rHfpST::TARGET=Gqp6rHfpST::MISSING=PREMISE_GROUP_1	91::gQHFw5vqUX	1
91::ROOT=Gqp6rHfpST::TARGET=Gqp6rHfpST::MISSING=PREMISE_GROUP_1	91::8WOv92STCd	1
91::ROOT=Gqp6rHfpST::TARGET=Iaftgge4wc::MISSING=PREMISE_GROUP_1	91::0oadaiFoO6	1
91::ROOT=Gqp6rHfpST::TARGET=Iaftgge4wc::MISSING=PREMISE_GROUP_2	91::H4MEyX7BPb	1
91::ROOT=Gqp6rHfpST::TARGET=PLZB-9IPPv::MISSING=PREMISE_GROUP_1	91::OXL2NMx-Au	1
91::ROOT=Gqp6rHfpST::TARGET=SY_pRUt9bF::MISSING=PREMISE_GROUP_1	91::Iaftgge4wc	1
91::ROOT=Gqp6rHfpST::TARGET=SY_pRUt9bF::MISSING=PREMISE_GROUP_2	91::H7-iHs7Om0	1
91::ROOT=Gqp6rHfpST::TARGET=SY_pRUt9bF::MISSING=PREMISE_GROUP_2	91::InRWdnmiIQ	1
91::ROOT=Gqp6rHfpST::TARGET=SY_pRUt9bF::MISSING=PREMISE_GROUP_2	91::xh6oVU4Q3c	1
91::ROOT=Gqp6rHfpST::TARGET=TjAIbWfX1V::MISSING=PREMISE_GROUP_1	91::gCPpgv0j4b	1
91::ROOT=Gqp6rHfpST::TARGET=TjAIbWfX1V::MISSING=PREMISE_GROUP_1	91::21MJHxn3FI	1
91::ROOT=Gqp6rHfpST::TARGET=_jRsLk7Vif::MISSING=PREMISE_GROUP_1	91::xT1p_2WYjW	1
91::ROOT=Gqp6rHfpST::TARGET=_jRsLk7Vif::MISSING=PREMISE_GROUP_2	91::GbzymEvXbG	1
91::ROOT=Gqp6rHfpST::TARGET=bArkWsOV-w::MISSING=PREMISE_GROUP_1	91::bMCptKVxDD	1
91::ROOT=Gqp6rHfpST::TARGET=bArkWsOV-w::MISSING=PREMISE_GROUP_2	91::gWqej4ONzO	1
91::ROOT=Gqp6rHfpST::TARGET=bMCptKVxDD::MISSING=PREMISE_GROUP_1	91::pbMvjHOtT3	1
91::ROOT=Gqp6rHfpST::TARGET=bMCptKVxDD::MISSING=PREMISE_GROUP_2	91::YmnoQCfDsx	1
91::ROOT=Gqp6rHfpST::TARGET=gCPpgv0j4b::MISSING=PREMISE_GROUP_1	91::lQHSxROPG8	1
91::ROOT=Gqp6rHfpST::TARGET=gQHFw5vqUX::MISSING=PREMISE_GROUP_1	91::PLZB-9IPPv	1
91::ROOT=Gqp6rHfpST::TARGET=riOCye5I4q::MISSING=PREMISE_GROUP_1	91::IizPh0Wx7j	1
91::ROOT=Gqp6rHfpST::TARGET=riOCye5I4q::MISSING=PREMISE_GROUP_2	91::qosLoSEZsy	1
91::ROOT=Gqp6rHfpST::TARGET=wE-eNwRuuK::MISSING=PREMISE_GROUP_1	91::xp5U3GWj3u	1
91::ROOT=Gqp6rHfpST::TARGET=wE-eNwRuuK::MISSING=PREMISE_GROUP_1	91::GY1tjirRBn	1
91::ROOT=Gqp6rHfpST::TARGET=wE-eNwRuuK::MISSING=PREMISE_GROUP_2	91::GcPMDFF_g7	1
92::ROOT=yz9Ei9NCdC::TARGET=9ed8hiRLM3::MISSING=PREMISE_GROUP_1	92::fcXUTVJN_7	1
92::ROOT=yz9Ei9NCdC::TARGET=9ed8hiRLM3::MISSING=PREMISE_GROUP_2	92::fcIBY5Xz8r	1
92::ROOT=yz9Ei9NCdC::TARGET=GIJqRMrcAa::MISSING=PREMISE_GROUP_1	92::mNXrKgGeUc	1
92::ROOT=yz9Ei9NCdC::TARGET=IlfNkK1Pa6::MISSING=PREMISE_GROUP_1	92::WWDwmvr_fb	1
92::ROOT=yz9Ei9NCdC::TARGET=IlfNkK1Pa6::MISSING=PREMISE_GROUP_2	92::L0V__3Erxv	1
92::ROOT=yz9Ei9NCdC::TARGET=IlfNkK1Pa6::MISSING=PREMISE_GROUP_2	92::MaVbOYc4SR	1
92::ROOT=yz9Ei9NCdC::TARGET=UNKJU0nalV::MISSING=PREMISE_GROUP_1	92::t-EuecfbAO	1
92::ROOT=yz9Ei9NCdC::TARGET=UNKJU0nalV::MISSING=PREMISE_GROUP_2	92::C1Ig7Tekp-	1
92::ROOT=yz9Ei9NCdC::TARGET=WWDwmvr_fb::MISSING=PREMISE_GROUP_1	92::gBzrqS90EI	1
92::ROOT=yz9Ei9NCdC::TARGET=WWDwmvr_fb::MISSING=PREMISE_GROUP_2	92::1J38ieB8Ne	1
92::ROOT=yz9Ei9NCdC::TARGET=WyqWW6ykn8::MISSING=PREMISE_GROUP_1	92::GIJqRMrcAa	1
92::ROOT=yz9Ei9NCdC::TARGET=WyqWW6ykn8::MISSING=PREMISE_GROUP_1	92::b6DKOidVFm	1
92::ROOT=yz9Ei9NCdC::TARGET=i-HXjfxbut::MISSING=PREMISE_GROUP_1	92::H7te0aZJVq	1
92::ROOT=yz9Ei9NCdC::TARGET=jvLZ162KZb::MISSING=PREMISE_GROUP_1	92::KpsueVA-Be	1
92::ROOT=yz9Ei9NCdC::TARGET=yz9Ei9NCdC::MISSING=CONCLUSION	92::yz9Ei9NCdC	1
92::ROOT=yz9Ei9NCdC::TARGET=yz9Ei9NCdC::MISSING=PREMISE_GROUP_1	92::VNLSW_DpJk	1
92::ROOT=yz9Ei9NCdC::TARGET=yz9Ei9NCdC::MISSING=PREMISE_GROUP_2	92::i-HXjfxbut	1
92::ROOT=yz9Ei9NCdC::TARGET=yz9Ei9NCdC::MISSING=PREMISE_GROUP_2	92::jvLZ162KZb	1
94::ROOT=prW-mENN92::TARGET=A3nVaLxVDA::MISSING=PREMISE_GROUP_1	94::G_QHhKLWcR	1
94::ROOT=prW-mENN92::TARGET=A3nVaLxVDA::MISSING=PREMISE_GROUP_2	94::r3oUNrIA36	1
94::ROOT=prW-mENN92::TARGET=EDa1qz1gq8::MISSING=PREMISE_GROUP_1	94::KFLG0KIa0A	1
94::ROOT=prW-mENN92::TARGET=EDa1qz1gq8::MISSING=PREMISE_GROUP_2	94::3Dk6HTe1pD	1
94::ROOT=prW-mENN92::TARGET=EDa1qz1gq8::MISSING=PREMISE_GROUP_3	94::dnUKuG_MYh	1
94::ROOT=prW-mENN92::TARGET=EDa1qz1gq8::MISSING=PREMISE_GROUP_3	94::9l_gkdIJgT	1
94::ROOT=prW-mENN92::TARGET=GzXqKx-FPD::MISSING=PREMISE_GROUP_1	94::9VfUWUnaN4	1
94::ROOT=prW-mENN92::TARGET=GzXqKx-FPD::MISSING=PREMISE_GROUP_1	94::AsA_vapQ5m	1
94::ROOT=prW-mENN92::TARGET=GzXqKx-FPD::MISSING=PREMISE_GROUP_1	94::xlKwm8uq5G	1
94::ROOT=prW-mENN92::TARGET=Jyxf5mf5KC::MISSING=PREMISE_GROUP_1	94::1J2H90bDFe	1
94::ROOT=prW-mENN92::TARGET=Jyxf5mf5KC::MISSING=PREMISE_GROUP_2	94::C9z_LrVimc	1
94::ROOT=prW-mENN92::TARGET=KFLG0KIa0A::MISSING=PREMISE_GROUP_1	94::fJMEPU6bcp	1
94::ROOT=prW-mENN92::TARGET=KFLG0KIa0A::MISSING=PREMISE_GROUP_2	94::56A16gY5CO	1
94::ROOT=prW-mENN92::TARGET=Y6PZKwoMPi::MISSING=PREMISE_GROUP_1	94::KnUZYD0Ytn	1
94::ROOT=prW-mENN92::TARGET=Y6PZKwoMPi::MISSING=PREMISE_GROUP_2	94::6Tq-K8c34q	1
94::ROOT=prW-mENN92::TARGET=ckP8jZTWPJ::MISSING=PREMISE_GROUP_1	94::0klTWGL0Jk	1
94::ROOT=prW-mENN92::TARGET=ckP8jZTWPJ::MISSING=PREMISE_GROUP_2	94::fBOxF3QSdy	1
94::ROOT=prW-mENN92::TARGET=eIvXqHT70Q::MISSING=PREMISE_GROUP_1	94::tIeEM9JntS	1
94::ROOT=prW-mENN92::TARGET=eIvXqHT70Q::MISSING=PREMISE_GROUP_1	94::vIp3NCbAdy	1
94::ROOT=prW-mENN92::TARGET=eIvXqHT70Q::MISSING=PREMISE_GROUP_1	94::a9DkaAElCh	1
94::ROOT=prW-mENN92::TARGET=prW-mENN92::MISSING=CONCLUSION	94::prW-mENN92	1
94::ROOT=prW-mENN92::TARGET=prW-mENN92::MISSING=PREMISE_GROUP_1	94::GzXqKx-FPD	1
94::ROOT=prW-mENN92::TARGET=prW-mENN92::MISSING=PREMISE_GROUP_2	94::Jyxf5mf5KC	1
94::ROOT=prW-mENN92::TARGET=tIeEM9JntS::MISSING=PREMISE_GROUP_1	94::hx8dStbdpc	1
94::ROOT=prW-mENN92::TARGET=vIp3NCbAdy::MISSING=PREMISE_GROUP_1	94::iwm42yHecT	1
97::ROOT=jyA5HsmDzV::TARGET=5ZkSor0vnQ::MISSING=PREMISE_GROUP_1	97::ociV-fivzt	1
97::ROOT=jyA5HsmDzV::TARGET=5ZkSor0vnQ::MISSING=PREMISE_GROUP_2	97::n8-8pHAjSn	1
97::ROOT=jyA5HsmDzV::TARGET=E7BTmvto0D::MISSING=PREMISE_GROUP_1	97::Lil-DeZCGT	1
97::ROOT=jyA5HsmDzV::TARGET=E7BTmvto0D::MISSING=PREMISE_GROUP_2	97::3ZWP1SdPKH	1
97::ROOT=jyA5HsmDzV::TARGET=KY1hBdtjFf::MISSING=PREMISE_GROUP_1	97::-Zyba2QuiO	1
97::ROOT=jyA5HsmDzV::TARGET=Lil-DeZCGT::MISSING=PREMISE_GROUP_1	97::jUJJRwFRs2	1
97::ROOT=jyA5HsmDzV::TARGET=Lil-DeZCGT::MISSING=PREMISE_GROUP_2	97::ClUKY3DNAK	1
97::ROOT=jyA5HsmDzV::TARGET=Mn9nJYVhsN::MISSING=PREMISE_GROUP_1	97::9ettMoTnVZ	1
97::ROOT=jyA5HsmDzV::TARGET=Mn9nJYVhsN::MISSING=PREMISE_GROUP_2	97::9LiWhaI22M	1
97::ROOT=jyA5HsmDzV::TARGET=fTpixvZnAS::MISSING=PREMISE_GROUP_1	97::rxVD5nup07	1
97::ROOT=jyA5HsmDzV::TARGET=fTpixvZnAS::MISSING=PREMISE_GROUP_2	97::1R-NQOAT2x	1
97::ROOT=jyA5HsmDzV::TARGET=jyA5HsmDzV::MISSING=CONCLUSION	97::jyA5HsmDzV	1
97::ROOT=jyA5HsmDzV::TARGET=jyA5HsmDzV::MISSING=PREMISE_GROUP_1	97::yqshCMy610	1
97::ROOT=jyA5HsmDzV::TARGET=jyA5HsmDzV::MISSING=PREMISE_GROUP_1	97::E7BTmvto0D	1
97::ROOT=jyA5HsmDzV::TARGET=jyA5HsmDzV::MISSING=PREMISE_GROUP_1	97::Mn9nJYVhsN	1
97::ROOT=jyA5HsmDzV::TARGET=yqshCMy610::MISSING=PREMISE_GROUP_1	97::KY1hBdtjFf	1
97::ROOT=jyA5HsmDzV::TARGET=yqshCMy610::MISSING=PREMISE_GROUP_2	97::Ops0GFguln	1
